Date,Open,High,Low,Close,Adj Close,Volume
1/2/2015,10859.79981,10889.25,10770.50977,10830.91992,10830.91992,2708700000
1/5/2015,10764.37012,10764.37012,10588.04981,10607.67969,10607.67969,3799120000
1/6/2015,10610.78027,10647.20996,10457.88965,10514.87012,10514.87012,4460110000
1/7/2015,10514.48047,10638.74023,10514.48047,10627.12988,10627.12988,3805480000
1/8/2015,10686,10809.45996,10686,10800.54004,10800.54004,3934010000
1/9/2015,10811.82031,10811.82031,10680.53027,10711.41016,10711.41016,3364140000
1/12/2015,10712.65039,10717.01953,10597.40039,10640.74023,10640.74023,3456460000
1/13/2015,10640.74023,10773.28027,10543.49023,10622.95996,10622.95996,4107300000
1/14/2015,10622.57031,10622.57031,10442.79981,10565.41016,10565.41016,4378680000
1/15/2015,10606.62988,10636.67969,10511.04981,10514.59961,10514.59961,4276720000
1/16/2015,10508.62012,10664.53027,10503.34961,10660.32031,10660.32031,4056410000
1/20/2015,10682,10703.17969,10589.45996,10658.62988,10658.62988,3944340000
1/21/2015,10646,10735.65039,10616.99023,10720.40039,10720.40039,3730070000
1/22/2015,10753.58008,10869,10699.73047,10859.34961,10859.34961,4176050000
1/23/2015,10854.23047,10854.23047,10784.57031,10788.33008,10788.33008,3573560000
1/26/2015,10787.29981,10848.04004,10748.73047,10847.15039,10847.15039,3465760000
1/27/2015,10793.04004,10830.2002,10718.84961,10781.83008,10781.83008,3329810000
1/28/2015,10797.23047,10804.16992,10596.87988,10603.86035,10603.86035,4067530000
1/29/2015,10617.88965,10703.12012,10546.75,10691.62988,10691.62988,4127140000
1/30/2015,10636.04004,10670.17969,10532.54981,10537.21973,10537.21973,4568650000
2/2/2015,10567.95996,10676.44043,10495.70996,10669.03027,10669.03027,4008330000
2/3/2015,10721.57031,10847.44043,10721.57031,10847.41992,10847.41992,4615900000
2/4/2015,10803.49023,10843.84961,10753.98047,10775.04004,10775.04004,4141920000
2/5/2015,10821.34961,10901.21973,10820.57031,10896.05957,10896.05957,3821990000
2/6/2015,10903.29004,10931.75977,10820.83008,10847.50977,10847.50977,4232970000
2/9/2015,10831.04004,10862.87988,10803.96973,10826.58984,10826.58984,3549540000
2/10/2015,10860.70996,10924.65039,10811.26953,10915.13965,10915.13965,3669850000
2/11/2015,10883.91016,10907.80957,10831.51953,10889.04981,10889.04981,3596860000
2/12/2015,10924.19043,10997.12012,10924.19043,10995.30957,10995.30957,3788350000
2/13/2015,11009.87012,11045.92969,11000.78027,11042.69043,11042.69043,3527450000
2/17/2015,11042.78027,11070.07031,11001.03027,11054.46973,11054.46973,3361750000
2/18/2015,11054.45996,11064.12988,11018.96973,11064.09961,11064.09961,3370020000
2/19/2015,11027,11064.62012,11010.15039,11038.25977,11038.25977,3247100000
2/20/2015,11025.26953,11111.41016,10976.29004,11108.66992,11108.66992,3281600000
2/23/2015,11091.46973,11091.46973,11047.20996,11074.58008,11074.58008,3093680000
2/24/2015,11082.12988,11133.78027,11070.57031,11122.12012,11122.12012,3199840000
2/25/2015,11119.63965,11142.55957,11097.79004,11117.92969,11117.92969,3312340000
2/26/2015,11111.83984,11111.83984,11053.86035,11082.09961,11082.09961,3408690000
2/27/2015,11078.54004,11100.24023,11062.12012,11062.79004,11062.79004,3547380000
3/2/2015,11053.66016,11103.33984,11052.29004,11102.82031,11102.82031,3409490000
3/3/2015,11090.76953,11090.76953,11012.66016,11051.21973,11051.21973,3262300000
3/4/2015,11018.79981,11018.79981,10941.13965,11004.67969,11004.67969,3421110000
3/5/2015,11014.7002,11036.2002,10992.16992,11014.25977,11014.25977,3103030000
3/6/2015,10964.23047,10964.23047,10826.4502,10842.16992,10842.16992,3853570000
3/9/2015,10846.04981,10885.08008,10845.98047,10866.62012,10866.62012,3349090000
3/10/2015,10802.5,10802.5,10678.38965,10678.41992,10678.41992,3668900000
3/11/2015,10686.65039,10705.96973,10659.03027,10678.75977,10678.75977,3406570000
3/12/2015,10734.70996,10821.24023,10734.70996,10820.87012,10820.87012,3405860000
3/13/2015,10784.08984,10784.08984,10677.58984,10751.01953,10751.01953,3498560000
3/16/2015,10787.46973,10883.78027,10787.46973,10881.17969,10881.17969,3295600000
3/17/2015,10843.67969,10879.08008,10808.91992,10862.44043,10862.44043,3221840000
3/18/2015,10846.42969,11055.00977,10826.04004,11019.71973,11019.71973,4128210000
3/19/2015,10976.83008,10976.83008,10908.00977,10931.36035,10931.36035,3305220000
3/20/2015,10932.5,11094.26953,10932.5,11070.53027,11070.53027,5554120000
3/23/2015,11089.66016,11115.58008,11070.54004,11070.88965,11070.88965,3267960000
3/24/2015,11071.9502,11080.66016,11019.75,11019.75,11019.75,3189820000
3/25/2015,11036.94043,11057.04981,10897.17969,10897.50977,10897.50977,3521140000
3/26/2015,10877.19043,10911.15039,10815.95996,10865.15039,10865.15039,3510670000
3/27/2015,10860.65039,10877.66016,10838.57031,10875.13965,10875.13965,3008550000
3/30/2015,10919.04981,11009.00977,10919.04981,10989.16016,10989.16016,2917690000
3/31/2015,10914.04981,10955.33984,10890.79981,10899.19043,10899.19043,3376550000
4/1/2015,10906.12988,10909.01953,10834.01953,10891.62012,10891.62012,3543270000
4/2/2015,10897.66016,10974.98047,10895.30957,10953.16016,10953.16016,3095960000
4/6/2015,10936.83984,11068.62988,10927.01953,11033.12012,11033.12012,3302970000
4/7/2015,11042,11082.15039,11012.11035,11013.24023,11013.24023,3065510000
4/8/2015,11038.51953,11073.66992,10995.28027,11032.99023,11032.99023,3265330000
4/9/2015,11028.75,11072.91992,10993.26953,11065.38965,11065.38965,3172360000
4/10/2015,11077.74023,11114.50977,11075.59961,11112.67969,11112.67969,3156200000
4/13/2015,11110.17969,11123.62012,11056.37012,11056.75977,11056.75977,2908420000
4/14/2015,11078.75977,11117.03027,11045.30957,11108.07031,11108.07031,3301270000
4/15/2015,11136.88965,11196.98047,11136.12988,11171.05957,11171.05957,4013760000
4/16/2015,11171.49023,11203.07031,11134.03027,11169.75,11169.75,3434120000
4/17/2015,11113.50977,11113.50977,11010.92969,11058.4502,11058.4502,3627600000
4/20/2015,11058.50977,11144.87988,11058.50977,11116.58008,11116.58008,3000160000
4/21/2015,11115.79981,11161.9502,11085.48047,11100.37988,11100.37988,3243410000
4/22/2015,11113.25,11154.23047,11067.26953,11144.4502,11144.4502,3348480000
4/23/2015,11128.15039,11221.13965,11118.92969,11191.48047,11191.48047,3636670000
4/24/2015,11199.94043,11207.79981,11172.42969,11192.92969,11192.92969,3375780000
4/27/2015,11226.41992,11248.99023,11160.51953,11167.30957,11167.30957,3438750000
4/28/2015,11165.07031,11204.16016,11105.41016,11203.08008,11203.08008,3546270000
4/29/2015,11161.95996,11185.58984,11117.32031,11154.11035,11154.11035,4074970000
4/30/2015,11116.71973,11127.91016,11013.66016,11049.74023,11049.74023,4509680000
5/1/2015,11074.9502,11141.01953,11072.99023,11140.36035,11140.36035,3379390000
5/4/2015,11154.99023,11192.87988,11154.99023,11173.28027,11173.28027,3091580000
5/5/2015,11171.50977,11180.20996,11039.96973,11049.33984,11049.33984,3793950000
5/6/2015,11082.05957,11098.20996,10963.13965,11015.99023,11015.99023,3792210000
5/7/2015,10997.91992,11051.98047,10961.17969,11036.40039,11036.40039,3676640000
5/8/2015,11138.65039,11205.95996,11138.65039,11196.5,11196.5,3399440000
5/11/2015,11182.12012,11198.44043,11134.17969,11140.74023,11140.74023,2992670000
5/12/2015,11106.09961,11136.71973,11058.98047,11113.16992,11113.16992,0
5/13/2015,11131.53027,11165.79981,11103.09961,11117,11117,3374260000
5/14/2015,11163.9502,11208.75,11161.63965,11207.33008,11207.33008,3225740000
5/15/2015,11202.98047,11228.69043,11172.66992,11228.34961,11228.34961,3092080000
5/18/2015,11207.03027,11236.79004,11192.62012,11227.90039,11227.90039,2888190000
5/19/2015,11214.42969,11232.45996,11195.55957,11213.15039,11213.15039,3296030000
5/20/2015,11221.41016,11246.7002,11196.54004,11210.24023,11210.24023,3025880000
5/21/2015,11212.51953,11254.87012,11206.45996,11239.66016,11239.66016,3070460000
5/22/2015,11213.94043,11225.05957,11197.66992,11197.69043,11197.69043,2571860000
5/26/2015,11197.59961,11197.59961,11042.87988,11065.32031,11065.32031,3342130000
5/27/2015,11076.25977,11155.19043,11069.15039,11143.34961,11143.34961,3127960000
5/28/2015,11128.75977,11135.95996,11075.66992,11132.74023,11132.74023,2980350000
5/29/2015,11116.20996,11117.16016,11033.05957,11056.29981,11056.29981,3927390000
6/1/2015,11081.66992,11093.33984,11023.28027,11061.67969,11061.67969,3011710000
6/2/2015,11057.13965,11117.59961,11027.79981,11080.90039,11080.90039,3049350000
6/3/2015,11101.87012,11147.80957,11082,11107.92969,11107.92969,3099980000
6/4/2015,11062.12988,11095.01953,10989.42969,11000.38965,11000.38965,3200050000
6/5/2015,10982.04981,11009.09961,10924.55957,10979.33008,10979.33008,3243690000
6/8/2015,10975.21973,10975.21973,10916.88965,10917.82031,10917.82031,2917150000
6/9/2015,10918.24023,10943.30957,10882.80957,10915.63965,10915.63965,3034580000
6/10/2015,10960.08984,11080.70996,10960.08984,11057.99023,11057.99023,3414320000
6/11/2015,11072.53027,11101.12988,11055.87012,11080.50977,11080.50977,3128600000
6/12/2015,11037.33984,11037.33984,10989.82031,11009.91016,11009.91016,2719400000
6/15/2015,10942.50977,10967.61035,10898.46973,10949.54004,10949.54004,3061570000
6/16/2015,10940.4502,11000.58008,10927.12012,10997.66016,10997.66016,2919900000
6/17/2015,11009.48047,11040.99023,10950.11035,11013.66016,11013.66016,3222240000
6/18/2015,11032.48047,11137.40039,11032.48047,11100.46973,11100.46973,3499000000
6/19/2015,11080.29004,11092.29981,11037.91992,11038.95996,11038.95996,4449810000
6/22/2015,11104.66016,11170.82031,11104.66016,11129.61035,11129.61035,3030020000
6/23/2015,11146.58008,11167.04004,11131.03027,11149.36035,11149.36035,3091190000
6/24/2015,11132.44043,11142.11035,11066.13965,11066.13965,11066.13965,3102480000
6/25/2015,11078.57031,11094.79004,11030.76953,11035.73047,11035.73047,3214610000
6/26/2015,11048.59961,11063.45996,11008.99023,11040.30957,11040.30957,5025470000
6/29/2015,10940.98047,10953.07031,10787.28027,10790.33008,10790.33008,3678960000
6/30/2015,10859.11035,10873.66016,10768.62012,10805.2002,10805.2002,4078540000
7/1/2015,10844.45996,10890.36035,10821.37012,10858.99023,10858.99023,3727260000
7/2/2015,10885.53027,10903.37012,10838.91992,10864.82031,10864.82031,2996540000
7/6/2015,10770.04004,10836.92969,10732.41016,10782.67969,10782.67969,3486360000
7/7/2015,10764.96973,10841.49023,10631.51953,10829.32031,10829.32031,4458660000
7/8/2015,10755.55957,10755.55957,10622.32031,10636.79981,10636.79981,3608780000
7/9/2015,10741.75977,10801.92969,10688.33008,10689.50977,10689.50977,3446810000
7/10/2015,10689.50977,10871.45996,10689.50977,10853.91992,10853.91992,3065070000
7/13/2015,10853.91992,10950.17969,10853.91992,10944.84961,10944.84961,3096730000
7/14/2015,10944,11003.00977,10938.73047,10993.25977,10993.25977,3002120000
7/15/2015,10989.37012,10996.44043,10934.66992,10958.83008,10958.83008,3261810000
7/16/2015,11013.33008,11032.61035,11011.54004,11024.87012,11024.87012,3227080000
7/17/2015,11010.83984,11010.83984,10965.66992,10987.16992,10987.16992,3362750000
7/20/2015,10991.28027,10991.28027,10954.58008,10969.49023,10969.49023,3245870000
7/21/2015,10960.41016,10974.82031,10902.11035,10919,10919,3343690000
7/22/2015,10897.13965,10917.16016,10881.04981,10899.86035,10899.86035,3694070000
7/23/2015,10918.08984,10919.16992,10825.69043,10840.73047,10840.73047,3772810000
7/24/2015,10830.78027,10831.19043,10706.13965,10721.9502,10721.9502,3870040000
7/27/2015,10688.86035,10698.53027,10636.26953,10656.61035,10656.61035,3836750000
7/28/2015,10698.90039,10800.21973,10668.65039,10790.17969,10790.17969,4117740000
7/29/2015,10795.17969,10895.21973,10794,10883.91016,10883.91016,4038900000
7/30/2015,10866.30957,10887.90039,10824.73047,10881.75,10881.75,3579410000
7/31/2015,10908.30957,10933.38965,10872.33008,10882.28027,10882.28027,3681340000
8/3/2015,10883.46973,10883.46973,10795.01953,10841.25977,10841.25977,3476770000
8/4/2015,10849.13965,10869.58984,10802.21973,10824.7002,10824.7002,3546710000
8/5/2015,10874.2002,10916.21973,10833.58008,10847.84961,10847.84961,3968680000
8/6/2015,10851.33984,10856.38965,10756.84961,10799.44043,10799.44043,4246570000
8/7/2015,10779.5,10785.34961,10728.48047,10763.15039,10763.15039,3602320000
8/10/2015,10804.80957,10906.08008,10804.80957,10906.04981,10906.04981,3514460000
8/11/2015,10857.08984,10857.08984,10757.17969,10802.08984,10802.08984,3708880000
8/12/2015,10725.87988,10789.66016,10628.94043,10779.45996,10779.45996,4269130000
8/13/2015,10779.44043,10780.05957,10722.87988,10745.30957,10745.30957,3221300000
8/14/2015,10736.34961,10784.33008,10730.50977,10782.24023,10782.24023,2795590000
8/17/2015,10743.57031,10819.21973,10708.33984,10818.57031,10818.57031,2867690000
8/18/2015,10799.54004,10819.69043,10780.00977,10792.79981,10792.79981,2949990000
8/19/2015,10742.32031,10761.01953,10638.19043,10687.03027,10687.03027,3512920000
8/20/2015,10618.34961,10620.75977,10475.74023,10475.75,10475.75,3922470000
8/21/2015,10402.29981,10426.04004,10195.69043,10195.69043,10195.69043,5018240000
8/24/2015,9864.299805,10068.91992,9509.589844,9789.94043,9789.94043,6612690000
8/25/2015,9790.099609,10063.13965,9689.650391,9692.389648,9692.389648,5183560000
8/26/2015,9692.400391,9986.480469,9692.400391,9979.669922,9979.669922,5338250000
8/27/2015,10044.36035,10248.37988,10044.36035,10230.50977,10230.50977,5006390000
8/28/2015,10199.16016,10256.83984,10180.24023,10242.05957,10242.05957,3949080000
8/31/2015,10198.32031,10226.16992,10120.48047,10176.5,10176.5,3915100000
9/1/2015,10176.5,10176.5,9821.370117,9874.669922,9874.669922,4371850000
9/2/2015,9963.139648,10013.36035,9884.150391,10013.36035,10013.36035,3742620000
9/3/2015,10044.34961,10150.83008,10018.00977,10049.29004,10049.29004,3520700000
9/4/2015,9955.370117,9955.370117,9825.200195,9871.860352,9871.860352,3167090000
9/8/2015,9974.780273,10113.25977,9974.780273,10109.67969,10109.67969,3548650000
9/9/2015,10193.04004,10219.55957,9972.80957,9988.910156,9988.910156,3652120000
9/10/2015,9985.030273,10078.33984,9957.349609,10019.38965,10019.38965,3626320000
9/11/2015,9987.480469,10040.26953,9942.950195,10040.21973,10040.21973,3218590000
9/14/2015,10026.54981,10026.54981,9964.519531,9988.589844,9988.589844,3000200000
9/15/2015,10008.62988,10123.28027,9996.830078,10105.87012,10105.87012,3239860000
9/16/2015,10139.08984,10244.69043,10138.29004,10236.71973,10236.71973,3630680000
9/17/2015,10217.04981,10362.25977,10200.62012,10215.54004,10215.54004,4183790000
9/18/2015,10118.21973,10130.90039,10009.30957,10031.59961,10031.59961,6000240000
9/21/2015,10049.36035,10132.05957,10026.13965,10066.07031,10066.07031,3269350000
9/22/2015,9970.259766,9970.259766,9855.69043,9912.599609,9912.599609,3808260000
9/23/2015,9923.730469,9941.469727,9847.089844,9867.900391,9867.900391,3190530000
9/24/2015,9813.160156,9859.879883,9727,9837.80957,9837.80957,4091530000
9/25/2015,9913.629883,9948.769531,9814.570313,9857.259766,9857.259766,3721870000
9/28/2015,9803.400391,9803.400391,9590.450195,9601.419922,9601.419922,4326660000
9/29/2015,9612.629883,9670.299805,9565.240234,9622.070313,9622.070313,4132390000
9/30/2015,9698.929688,9803.639648,9689.19043,9799.69043,9799.69043,4525070000
10/1/2015,9832.330078,9865.049805,9720.849609,9820.950195,9820.950195,3983600000
10/2/2015,9755.780273,9973.55957,9697.269531,9973.55957,9973.55957,4378570000
10/5/2015,10035.86035,10176.98047,10035.86035,10167.92969,10167.92969,4334490000
10/6/2015,10167.5,10205.11035,10124.91992,10156.37988,10156.37988,4202400000
10/7/2015,10212.34961,10284.25977,10168.00977,10258.51953,10258.51953,4666470000
10/8/2015,10238.12012,10375.11035,10222.07031,10361.04004,10361.04004,3939140000
10/9/2015,10376.69043,10400.15039,10331.03027,10361.25977,10361.25977,3706900000
10/12/2015,10356.33008,10367.7002,10329.00977,10356.49023,10356.49023,2893250000
10/13/2015,10298.57031,10360.78027,10254.41992,10262.94043,10262.94043,3401920000
10/14/2015,10267.5,10303.7002,10214.99023,10229.66992,10229.66992,3644590000
10/15/2015,10259.50977,10380.83984,10244.99023,10378.26953,10378.26953,3746290000
10/16/2015,10407.28027,10424.99023,10365.69043,10421.91016,10421.91016,3595430000
10/19/2015,10385.45996,10399.26953,10353.00977,10391.59961,10391.59961,3287320000
10/20/2015,10377.24023,10427.33984,10361.41016,10383.41992,10383.41992,3331500000
10/21/2015,10403.74023,10410.99023,10299.04981,10306.44043,10306.44043,3627790000
10/22/2015,10342.75,10467.11035,10342.75,10448.83008,10448.83008,4430850000
10/23/2015,10486.94043,10519.83008,10450.44043,10506.50977,10506.50977,4108460000
10/26/2015,10495.91016,10495.91016,10458.05957,10464.62012,10464.62012,3385800000
10/27/2015,10420.75,10427.75,10364.91992,10400.17969,10400.17969,4216880000
10/28/2015,10428.03027,10538.21973,10409.45996,10538.2002,10538.2002,4698110000
10/29/2015,10504.34961,10514.44043,10466.20996,10498.16016,10498.16016,4008940000
10/30/2015,10509.15039,10531.42969,10460.83008,10460.95996,10460.95996,4256200000
11/2/2015,10474.58008,10591.25,10473.83984,10579.87012,10579.87012,3760020000
11/3/2015,10556.36035,10641.62012,10542.20996,10609.91992,10609.91992,4272060000
11/4/2015,10629.58008,10638.69043,10536.48047,10563.96973,10563.96973,4078870000
11/5/2015,10563.92969,10588.12988,10501.30957,10548.36035,10548.36035,4051890000
11/6/2015,10525.65039,10531.11035,10441.83984,10513.36035,10513.36035,4369020000
11/9/2015,10486.71973,10488.2002,10381.41016,10415.19043,10415.19043,3882350000
11/10/2015,10389.17969,10440.23047,10370.66992,10432.34961,10432.34961,3821440000
11/11/2015,10454.15039,10460.34961,10396.79004,10399.90039,10399.90039,3692410000
11/12/2015,10335,10342.87012,10235.2002,10235.9502,10235.9502,4016370000
11/13/2015,10206.54004,10228.88965,10145.65039,10155.07031,10155.07031,4278750000
11/16/2015,10143.37988,10299.45996,10141.54981,10299.40039,10299.40039,3741240000
11/17/2015,10320.05957,10368.37988,10266.55957,10285.75977,10285.75977,4427350000
11/18/2015,10285.37012,10436,10285.37012,10429.59961,10429.59961,3926390000
11/19/2015,10426.12988,10455.19043,10416.37012,10431.45996,10431.45996,3628110000
11/20/2015,10460.25,10499.04981,10430.05957,10444.2002,10444.2002,3929600000
11/23/2015,10433.62988,10469.62012,10402.45996,10421.41016,10421.41016,3587980000
11/24/2015,10379.26953,10472.79004,10358.03027,10449.71973,10449.71973,3884930000
11/25/2015,10449.67969,10471.28027,10430.13965,10450.36035,10450.36035,2852940000
11/27/2015,10442.61035,10463.96973,10425.55957,10450.53027,10450.53027,1466840000
11/30/2015,10455.48047,10460.33008,10409.45996,10409.58984,10409.58984,4275030000
12/1/2015,10447.05957,10523.79004,10446.58008,10519.58984,10519.58984,3712120000
12/2/2015,10501.09961,10511.12012,10376.4502,10389.2002,10389.2002,3950640000
12/3/2015,10415.55957,10422.78027,10227.36035,10257.37988,10257.37988,4306490000
12/4/2015,10266.5,10417.75977,10264.95996,10408.86035,10408.86035,4214910000
12/7/2015,10408.86035,10408.86035,10264.48047,10304.53027,10304.53027,4043820000
12/8/2015,10214.29004,10254.75,10157.69043,10198.37012,10198.37012,4173570000
12/9/2015,10191.34961,10316.96973,10115.76953,10162.37012,10162.37012,4385250000
12/10/2015,10165.45996,10242.79004,10155.57031,10172.04004,10172.04004,3715150000
12/11/2015,10074.08008,10075.42969,9956.709961,9976.650391,9976.650391,4301060000
12/14/2015,9977.820313,10013.86035,9880.419922,9986.759766,9986.759766,4612440000
12/15/2015,10057.33008,10149.12012,10057.33008,10110.94043,10110.94043,4353540000
12/16/2015,10164.83984,10282.24023,10139.58984,10267.83008,10267.83008,4635450000
12/17/2015,10267.83008,10267.83008,10112.57031,10112.62988,10112.62988,4327390000
12/18/2015,10072.98047,10072.98047,9966.820313,9967.639648,9967.639648,6683070000
12/21/2015,10017.12988,10054.41992,9961.049805,10023.03027,10023.03027,3760280000
12/22/2015,10052.33984,10132.58008,10015.98047,10112.40039,10112.40039,3520860000
12/23/2015,10180.62012,10277.96973,10180.62012,10276.28027,10276.28027,3484090000
12/24/2015,10266.05957,10290.36035,10242.63965,10258.54981,10258.54981,1411860000
12/28/2015,10225.99023,10225.99023,10169.08984,10217.41016,10217.41016,2492510000
12/29/2015,10270.37988,10318.41992,10270.37988,10306.59961,10306.59961,2542000000
12/30/2015,10277.53027,10283.96973,10218.70996,10225.83008,10225.83008,2367430000
12/31/2015,10186.44043,10223.07031,10142.33984,10143.41992,10143.41992,2655330000
1/4/2016,10020.04981,10020.04981,9891.070313,10001.55957,10001.55957,4304880000
1/5/2016,10007.00977,10039.95996,9959.820313,10028.05957,10028.05957,3706620000
1/6/2016,9907.370117,9925.900391,9821.330078,9868.259766,9868.259766,4336660000
1/7/2016,9751.349609,9791.169922,9627.05957,9650.419922,9650.419922,5076590000
1/8/2016,9692.799805,9725.900391,9513.25,9528.769531,9528.769531,4664940000
1/11/2016,9575.179688,9598.639648,9435.820313,9527.660156,9527.660156,4607290000
1/12/2016,9591.30957,9630.910156,9460.790039,9576.519531,9576.519531,4887260000
1/13/2016,9619.009766,9644.450195,9349.469727,9374.230469,9374.230469,5087030000
1/14/2016,9405.429688,9567.820313,9332.259766,9516.549805,9516.549805,5241110000
1/15/2016,9387.540039,9387.540039,9192.070313,9299.620117,9299.620117,5468460000
1/19/2016,9378.860352,9406.349609,9226.820313,9301.740234,9301.740234,4928350000
1/20/2016,9214.94043,9233.610352,8937.990234,9156.839844,9156.839844,6416070000
1/21/2016,9164.169922,9311.570313,9102.389648,9226.570313,9226.570313,5078810000
1/22/2016,9343.129883,9437.790039,9343.129883,9426.910156,9426.910156,4901760000
1/25/2016,9393.540039,9393.540039,9258.660156,9262.990234,9262.990234,4401380000
1/26/2016,9295.339844,9436.540039,9295.339844,9429.110352,9429.110352,4357940000
1/27/2016,9403.870117,9522.610352,9321.330078,9373.780273,9373.780273,4754040000
1/28/2016,9374.839844,9463.200195,9324.150391,9397.790039,9397.790039,4693010000
1/29/2016,9439.339844,9632.709961,9439.339844,9632.700195,9632.700195,5497570000
2/1/2016,9578.919922,9651.200195,9514.769531,9616.69043,9616.69043,4322530000
2/2/2016,9532.990234,9532.990234,9386.120117,9413.780273,9413.780273,4463190000
2/3/2016,9471.790039,9513.219727,9276.339844,9495.209961,9495.209961,5172950000
2/4/2016,9484.129883,9591.299805,9465.870117,9534.30957,9534.30957,5193320000
2/5/2016,9499.530273,9500.820313,9360.94043,9390.330078,9390.330078,4929940000
2/8/2016,9294.879883,9294.879883,9127.139648,9231.330078,9231.330078,5636460000
2/9/2016,9131.980469,9250.650391,9109.049805,9187.799805,9187.799805,5183220000
2/10/2016,9221.839844,9315.959961,9170.929688,9176.719727,9176.719727,4471170000
2/11/2016,9092.910156,9092.910156,8944.049805,9029.879883,9029.879883,5500800000
2/12/2016,9092.870117,9229.679688,9089.450195,9229.679688,9229.679688,4696920000
2/16/2016,9317.94043,9377.509766,9275.740234,9375.389648,9375.389648,4570670000
2/17/2016,9426.759766,9551.629883,9426.759766,9532.280273,9532.280273,5011540000
2/18/2016,9532.860352,9543.75,9483.459961,9504.980469,9504.980469,4436490000
2/19/2016,9465.179688,9504.980469,9406.540039,9485.959961,9485.959961,4142850000
2/22/2016,9485.769531,9623.639648,9485.769531,9616.320313,9616.320313,4054710000
2/23/2016,9582.759766,9589.740234,9485.360352,9494.320313,9494.320313,3890650000
2/24/2016,9411.269531,9517.75,9325.240234,9506.070313,9506.070313,4317250000
2/25/2016,9534.740234,9625.709961,9506.240234,9625.280273,9625.280273,4118210000
2/26/2016,9668.259766,9682.929688,9607.660156,9619.790039,9619.790039,4348510000
2/29/2016,9615.169922,9670.839844,9558.860352,9559.530273,9559.530273,4588180000
3/1/2016,9626.879883,9771,9613.959961,9771,9771,4819750000
3/2/2016,9746.419922,9837.639648,9725.900391,9837.589844,9837.589844,4666610000
3/3/2016,9828.30957,9909.80957,9809.169922,9907.969727,9907.969727,5081700000
3/4/2016,9929.330078,10010.66016,9902.040039,9968.410156,9968.410156,6049930000
3/7/2016,9922.379883,10021.78027,9911.330078,10006.19043,10006.19043,4968180000
3/8/2016,9952.230469,9952.230469,9862.330078,9868.519531,9868.519531,4641650000
3/9/2016,9906.839844,9946.969727,9881.759766,9924.80957,9924.80957,4038120000
3/10/2016,9954.160156,10004.33008,9826.519531,9918.080078,9918.080078,4376790000
3/11/2016,9988.290039,10105.00977,9988.290039,10104.19043,10104.19043,4078620000
3/14/2016,10073.33008,10097.54981,10038.40039,10074.26953,10074.26953,3487850000
3/15/2016,10005.58984,10013.7002,9970.950195,10013.59961,10013.59961,3560280000
3/16/2016,9986.480469,10102.07031,9978.889648,10084.16992,10084.16992,4057020000
3/17/2016,10101.65039,10216.7002,10073.12012,10190.40039,10190.40039,4530480000
3/18/2016,10216.59961,10248.07031,10198.32031,10223.42969,10223.42969,6503140000
3/21/2016,10204.7002,10232.79981,10181.84961,10219.69043,10219.69043,3376600000
3/22/2016,10169.90039,10226.50977,10145.34961,10194.2002,10194.2002,3418460000
3/23/2016,10171.37988,10171.37988,10096.88965,10099.67969,10099.67969,3639510000
3/24/2016,10032.88965,10087.04981,10003.98047,10086.59961,10086.59961,3407720000
3/28/2016,10105.12012,10128.90039,10065.37988,10106.44043,10106.44043,2809090000
3/29/2016,10071.41992,10193.73047,10048.51953,10190.40039,10190.40039,3822330000
3/30/2016,10245.92969,10281.69043,10217.98047,10236.9502,10236.9502,3590310000
3/31/2016,10236.79981,10248.82031,10198.91992,10207.37012,10207.37012,3715280000
4/1/2016,10132.58008,10231.08008,10085.25,10219.95996,10219.95996,3749990000
4/4/2016,10227.12012,10234.16016,10168.78027,10183,10183,3485710000
4/5/2016,10104.76953,10104.76953,10050.65039,10061.08008,10061.08008,4154920000
4/6/2016,10062.83984,10162.29981,10044.41016,10159.84961,10159.84961,3750800000
4/7/2016,10112.98047,10117.16016,10004.76953,10045.15039,10045.15039,3801250000
4/8/2016,10108.70996,10170.96973,10093.28027,10119.69043,10119.69043,3359530000
4/11/2016,10154.08008,10210.55957,10114.4502,10114.58008,10114.58008,3567840000
4/12/2016,10114.58008,10257.29981,10114.58008,10238.69043,10238.69043,4239740000
4/13/2016,10271.66016,10362.12988,10271.66016,10359.50977,10359.50977,4191830000
4/14/2016,10359.19043,10377.66016,10334.4502,10360.24023,10360.24023,3765870000
4/15/2016,10359.58008,10359.58008,10332.87012,10355.57031,10355.57031,3701450000
4/18/2016,10315.65039,10427.16016,10304.21973,10424.92969,10424.92969,3316880000
4/19/2016,10463.63965,10528.63965,10424.92969,10517.29981,10517.29981,3896830000
4/20/2016,10517.05957,10572.24023,10489.03027,10527.79004,10527.79004,4184880000
4/21/2016,10524.48047,10536.69043,10440.46973,10454.82031,10454.82031,4175290000
4/22/2016,10464.2002,10520,10464.2002,10511,10511,3790580000
4/25/2016,10487.83008,10487.83008,10424.19043,10465.65039,10465.65039,3319740000
4/26/2016,10492.57031,10525.37988,10477.79004,10522.58008,10522.58008,3557190000
4/27/2016,10528.48047,10593.20996,10507.58984,10571.83008,10571.83008,4100110000
4/28/2016,10521.16992,10577.88965,10461.53027,10480.4502,10480.4502,4309840000
4/29/2016,10480.21973,10480.21973,10370.34961,10436.91992,10436.91992,4704720000
5/2/2016,10450.12988,10503.41016,10430.21973,10496.33008,10496.33008,3841110000
5/3/2016,10432.24023,10432.24023,10323.24023,10365.83008,10365.83008,4173390000
5/4/2016,10302.67969,10337.20996,10257.75,10286.24023,10286.24023,4058560000
5/5/2016,10303.04004,10340.45996,10254.71973,10281.32031,10281.32031,4008530000
5/6/2016,10280.99023,10315.91992,10230.5,10308.83008,10308.83008,3796350000
5/9/2016,10300.66016,10325.04981,10261.12012,10291.58984,10291.58984,3788620000
5/10/2016,10323.26953,10424.66992,10323.26953,10424.09961,10424.09961,3600200000
5/11/2016,10391.92969,10408.92969,10332.24023,10332.24023,10332.24023,3821980000
5/12/2016,10375.87988,10399.9502,10283.48047,10334.37988,10334.37988,0
5/13/2016,10305.84961,10334.38965,10210.25977,10228.05957,10228.05957,3579880000
5/16/2016,10243.2002,10355.25,10243.2002,10332.46973,10332.46973,3501360000
5/17/2016,10312.69043,10334.74023,10226.62012,10257.61035,10257.61035,4108960000
5/18/2016,10229.96973,10320.09961,10183.30957,10239.65039,10239.65039,4101320000
5/19/2016,10189.76953,10209.83984,10119.65039,10192.48047,10192.48047,3846770000
5/20/2016,10224.75,10272.67969,10224.75,10250.49023,10250.49023,3507650000
5/23/2016,10237.99023,10259.88965,10222.30957,10226.55957,10226.55957,3055480000
5/24/2016,10275.79004,10370.24023,10275.79004,10353.55957,10353.55957,3627340000
5/25/2016,10399.12012,10465.63965,10399.12012,10446.58008,10446.58008,3859160000
5/26/2016,10462.28027,10475.78027,10426.16992,10439.59961,10439.59961,3230990000
5/27/2016,10437.96973,10469.53027,10436.54981,10469.51953,10469.51953,3079150000
5/31/2016,10479.87988,10496.94043,10406.63965,10441,10441,4514410000
6/1/2016,10385.92969,10462,10369.5,10454.92969,10454.92969,3525170000
6/2/2016,10424.67969,10487.61035,10403.50977,10487.58008,10487.58008,3632720000
6/3/2016,10477.78027,10504.45996,10417.90039,10487.94043,10487.94043,3627780000
6/6/2016,10508.5,10568.84961,10508.5,10554.82031,10554.82031,3442020000
6/7/2016,10554.58984,10626.83008,10554.58984,10599.21973,10599.21973,3534730000
6/8/2016,10620.19043,10648.04981,10610.20996,10638.36035,10638.36035,3562060000
6/9/2016,10581.21973,10599.33008,10553.25977,10589.82031,10589.82031,3290320000
6/10/2016,10501.57031,10501.57031,10417.11035,10446.09961,10446.09961,3515010000
6/13/2016,10400.15039,10452.62012,10345.37012,10349.17969,10349.17969,3392030000
6/14/2016,10310.07031,10340.33984,10241.19043,10294.58984,10294.58984,3759770000
6/15/2016,10294.67969,10365.75977,10289.30957,10297.16016,10297.16016,3544720000
6/16/2016,10237.92969,10328.88965,10166.98047,10322.83984,10322.83984,3628280000
6/17/2016,10343.61035,10363.99023,10292.66992,10347.94043,10347.94043,4952630000
6/20/2016,10456.91992,10527.79004,10448.01953,10450.03027,10450.03027,3467440000
6/21/2016,10481.16016,10521.58984,10448.37012,10490.78027,10490.78027,3232880000
6/22/2016,10507.94043,10549.95996,10469.70996,10473.05957,10473.05957,3168160000
6/23/2016,10573.46973,10641.16992,10561.79004,10641.16992,10641.16992,3297940000
6/24/2016,10335.91992,10360.09961,10164.41992,10183.50977,10183.50977,7597450000
6/27/2016,10084.48047,10084.48047,9918.719727,9973.540039,9973.540039,5431220000
6/28/2016,10073.15039,10161.16016,10063.83008,10161.16016,10161.16016,4385810000
6/29/2016,10254.86035,10362.05957,10254.86035,10350.53027,10350.53027,4241740000
6/30/2016,10374.57031,10489.75977,10336.51953,10489.75977,10489.75977,4622820000
7/1/2016,10495.08008,10535.79004,10490.79004,10515.75977,10515.75977,3458890000
7/5/2016,10452.48047,10455.92969,10378.53027,10409.54004,10409.54004,3658380000
7/6/2016,10356.21973,10445.16992,10308.21973,10441.58008,10441.58008,3909380000
7/7/2016,10461.13965,10495.26953,10373.46973,10413.96973,10413.96973,3604550000
7/8/2016,10414.80957,10582.4502,10414.80957,10571.78027,10571.78027,3607500000
7/11/2016,10606.03027,10650.86035,10600.16016,10627.2002,10627.2002,3253340000
7/12/2016,10685.57031,10748.00977,10685.57031,10726.79004,10726.79004,4097820000
7/13/2016,10743.2002,10751.24023,10692.4502,10734.2002,10734.2002,3502320000
7/14/2016,10806.20996,10815.42969,10769.58984,10786.62988,10786.62988,3465610000
7/15/2016,10808.88965,10811.53027,10744.20996,10773.12012,10773.12012,3122600000
7/18/2016,10773.11035,10797.99023,10747.28027,10793.16992,10793.16992,3009310000
7/19/2016,10754.54004,10763.98047,10733.08984,10758.54004,10758.54004,2968340000
7/20/2016,10758.59961,10805.00977,10746.58008,10793.09961,10793.09961,3211860000
7/21/2016,10784.67969,10811.74023,10735.08008,10758.62012,10758.62012,3438900000
7/22/2016,10764.26953,10807.21973,10750.66016,10805.04004,10805.04004,3023280000
7/25/2016,10787.57031,10787.57031,10725.13965,10752.42969,10752.42969,3057240000
7/26/2016,10754.94043,10788.92969,10727.33984,10772.99023,10772.99023,3442350000
7/27/2016,10782.32031,10785.24023,10696.79981,10739.76953,10739.76953,3995500000
7/28/2016,10727.87012,10758.03027,10692.83008,10744.16016,10744.16016,3664240000
7/29/2016,10734.07031,10797.99023,10717.37988,10785.50977,10785.50977,4038840000
8/1/2016,10768.75,10780.59961,10713.71973,10730.2002,10730.2002,3505990000
8/2/2016,10729.11035,10730.87988,10619.38965,10661.12988,10661.12988,3848750000
8/3/2016,10660.91016,10695.13965,10624.63965,10695.13965,10695.13965,3786530000
8/4/2016,10697.23047,10726.29981,10679.63965,10707.12988,10707.12988,3709200000
8/5/2016,10731.82031,10782.87012,10729.66992,10782.87012,10782.87012,3663070000
8/8/2016,10789.84961,10806.29981,10778.16992,10788.00977,10788.00977,3327550000
8/9/2016,10797.37012,10828.50977,10786.4502,10804.50977,10804.50977,3334300000
8/10/2016,10812.32031,10821.20996,10761.07031,10774.98047,10774.98047,3254950000
8/11/2016,10775.05957,10848.2002,10775.05957,10836.15039,10836.15039,3423160000
8/12/2016,10827.87012,10843.5,10798.96973,10822.41016,10822.41016,3000660000
8/15/2016,10838.33984,10892.15039,10838.33984,10858.5,10858.5,3078530000
8/16/2016,10843.41016,10843.58008,10809.67969,10809.74023,10809.74023,3196400000
8/17/2016,10803.67969,10828.94043,10754.65039,10824.63965,10824.63965,3388910000
8/18/2016,10823.79004,10863.01953,10820.83984,10863.00977,10863.00977,3300570000
8/19/2016,10822.50977,10834.50977,10783.29004,10829.15039,10829.15039,3084800000
8/22/2016,10798.09961,10824.55957,10775.17969,10815.91992,10815.91992,2777550000
8/23/2016,10857.94043,10879.28027,10847.00977,10847.49023,10847.49023,3041490000
8/24/2016,10845.16992,10848.90039,10774.96973,10791.17969,10791.17969,3148280000
8/25/2016,10780.73047,10813.98047,10770.29004,10784.37012,10784.37012,2969310000
8/26/2016,10808.40039,10869.46973,10710.04981,10749.33008,10749.33008,3342340000
8/29/2016,10753.4502,10825.04004,10753.4502,10811.34961,10811.34961,2654780000
8/30/2016,10817.33984,10825.71973,10772.12988,10797.54004,10797.54004,3006800000
8/31/2016,10780.20996,10785.65039,10714.08984,10764.75,10764.75,3766390000
9/1/2016,10762.4502,10780.70996,10704,10771.92969,10771.92969,3392120000
9/2/2016,10830.54981,10867.84961,10827.19043,10856.91992,10856.91992,3091120000
9/6/2016,10879.63965,10891.21973,10838.9502,10890.79004,10890.79004,3447650000
9/7/2016,10886.50977,10898.75977,10856.75977,10890.17969,10890.17969,3319420000
9/8/2016,10879.96973,10903.86035,10857.23047,10882.33984,10882.33984,3727840000
9/9/2016,10799.12988,10799.12988,10613.53027,10613.53027,10613.53027,4233960000
9/12/2016,10563.73047,10760.58984,10553.65039,10741.24023,10741.24023,4010480000
9/13/2016,10644.46973,10644.46973,10502.32031,10535.36035,10535.36035,4141670000
9/14/2016,10533.7002,10596.4502,10487.79981,10511.40039,10511.40039,3664100000
9/15/2016,10501.32031,10625.79981,10491.08984,10602.94043,10602.94043,3373720000
9/16/2016,10554.09961,10554.09961,10498.34961,10532.26953,10532.26953,5014360000
9/19/2016,10533.41992,10625.69043,10533.41992,10564.29981,10564.29981,3163000000
9/20/2016,10608.55957,10620.36035,10558.36035,10560.25,10560.25,3140730000
9/21/2016,10605.09961,10716.58008,10584.33984,10708.37012,10708.37012,3712090000
9/22/2016,10769.37988,10818.11035,10769.37988,10793.66016,10793.66016,3552830000
9/23/2016,10793.66016,10793.66016,10712.87988,10717.99023,10717.99023,3317190000
9/26/2016,10675.25,10678.12012,10621.05957,10624.87988,10624.87988,3216170000
9/27/2016,10600.15039,10676.86035,10587.92969,10665.33984,10665.33984,3437770000
9/28/2016,10665.58008,10757.79004,10623.20996,10753.4502,10753.4502,3891460000
9/29/2016,10742.08008,10764.26953,10614.04004,10643.51953,10643.51953,4249220000
9/30/2016,10679.07031,10758.00977,10668.33984,10721.74023,10721.74023,4173340000
10/3/2016,10721.84961,10721.84961,10658.55957,10690.76953,10690.76953,3137550000
10/4/2016,10705.86035,10712.58008,10597.04004,10629.15039,10629.15039,3750890000
10/5/2016,10666.41016,10703.91992,10664.15039,10683.94043,10683.94043,3906550000
10/6/2016,10664.54004,10684.90039,10627.7002,10675.74023,10675.74023,3461550000
10/7/2016,10680.46973,10689.41992,10579.62988,10626.91992,10626.91992,3619890000
10/10/2016,10671.21973,10711.83008,10671.21973,10682.69043,10682.69043,2916550000
10/11/2016,10656.21973,10656.21973,10510.61035,10548,10548,3438270000
10/12/2016,10546.00977,10587.45996,10525.55957,10560.26953,10560.26953,2977100000
10/13/2016,10487.61035,10551.5,10425.91016,10522.94043,10522.94043,3580450000
10/14/2016,10579.76953,10606.66992,10521.29004,10521.29981,10521.29981,3228150000
10/17/2016,10516.29981,10531.45996,10481.58984,10492.86035,10492.86035,2830390000
10/18/2016,10578.88965,10583.83008,10539.79981,10567.80957,10567.80957,3170000000
10/19/2016,10580.4502,10623.29981,10561.12988,10600.91992,10600.91992,3362670000
10/20/2016,10587.83008,10626.44043,10560.98047,10597.36035,10597.36035,3337170000
10/21/2016,10545.12012,10580.15039,10522.32031,10571.87988,10571.87988,3448850000
10/24/2016,10610.58008,10629.62988,10567.24023,10591.29981,10591.29981,3357320000
10/25/2016,10575.19043,10590.58984,10542.62988,10550.19043,10550.19043,3751340000
10/26/2016,10505.99023,10558.75,10497.37988,10528.19043,10528.19043,3775200000
10/27/2016,10561.54004,10562.91016,10495.87012,10503.05957,10503.05957,4204830000
10/28/2016,10495.30957,10538.20996,10447.25,10476.62012,10476.62012,4019510000
10/31/2016,10476.91992,10505.99023,10465.41992,10481.88965,10481.88965,3922400000
11/1/2016,10508.00977,10513.53027,10354.86035,10414.04981,10414.04981,4532160000
11/2/2016,10389.9502,10407.32031,10316.44043,10334.5,10334.5,4248580000
11/3/2016,10350.61035,10370.26953,10292.9502,10307.63965,10307.63965,3886740000
11/4/2016,10308.30957,10352.98047,10281.48047,10289.34961,10289.34961,3837860000
11/7/2016,10416.33984,10500.19043,10416.33984,10500.16016,10500.16016,3736060000
11/8/2016,10462.83984,10563.50977,10454.34961,10530.55957,10530.55957,3916930000
11/9/2016,10477.79004,10679.69043,10474.73047,10643.41016,10643.41016,6264150000
11/10/2016,10678.96973,10735,10617.83984,10683.41016,10683.41016,6451640000
11/11/2016,10644.55957,10660.98047,10585.62988,10652.24023,10652.24023,4988050000
11/14/2016,10660.4502,10695.57031,10633.98047,10679.76953,10679.76953,5367200000
11/15/2016,10680.41992,10745.53027,10664.84961,10745.50977,10745.50977,4543860000
11/16/2016,10705.46973,10719.88965,10677.26953,10699.42969,10699.42969,3830590000
11/17/2016,10717.87988,10759.15039,10717.67969,10740.08008,10740.08008,3809160000
11/18/2016,10725.33984,10735.08984,10695.21973,10709.50977,10709.50977,3572400000
11/21/2016,10753.25,10793.37012,10752.08008,10791.83984,10791.83984,3607010000
11/22/2016,10793.33984,10828.26953,10768.59961,10820.17969,10820.17969,3957940000
11/23/2016,10772.61035,10837.23047,10768.79981,10835.90039,10835.90039,3418640000
11/25/2016,10854.69043,10878.09961,10852.88965,10878.08984,10878.08984,1584600000
11/28/2016,10857.46973,10864.76953,10803.08984,10808.62988,10808.62988,3505650000
11/29/2016,10798.91992,10842.28027,10786.40039,10817.7002,10817.7002,3706560000
11/30/2016,10872.37988,10890.04004,10838.4502,10838.45996,10838.45996,5533980000
12/1/2016,10860.41992,10876.38965,10812.75,10828.99023,10828.99023,5063740000
12/2/2016,10828.99023,10867.7002,10821.20996,10838.58008,10838.58008,3779500000
12/5/2016,10890.15039,10923.91016,10888.70996,10910.90039,10910.90039,3895230000
12/6/2016,10923.58008,10973.91992,10902.25977,10970.78027,10970.78027,3855320000
12/7/2016,10977.41016,11118,10974.2002,11114.61035,11114.61035,4501820000
12/8/2016,11114.32031,11176.62988,11094.79004,11149.95996,11149.95996,4200580000
12/9/2016,11153.09961,11194.23047,11152.67969,11191.79004,11191.79004,3884480000
12/12/2016,11200.19043,11227.29981,11163.2002,11177.28027,11177.28027,4034510000
12/13/2016,11216.83008,11256.07031,11189.42969,11237.16992,11237.16992,3857590000
12/14/2016,11214.03027,11234,11087.01953,11098.66992,11098.66992,4406970000
12/15/2016,11087.12988,11170.65039,11086.38965,11131.88965,11131.88965,4168200000
12/16/2016,11152.20996,11162.94043,11109.58984,11125.21973,11125.21973,5920340000
12/19/2016,11127,11150.30957,11110.58984,11128.54004,11128.54004,3248370000
12/20/2016,11145.29004,11176.67969,11145.29004,11172.19043,11172.19043,3298780000
12/21/2016,11170.41016,11174.40039,11142.57031,11142.57031,11142.57031,2852230000
12/22/2016,11127.78027,11127.78027,11100.92969,11114.13965,11114.13965,2876320000
12/23/2016,11111.5,11128.86035,11110.04981,11128.80957,11128.80957,2020550000
12/27/2016,11601.29004,11688.4502,11144.12012,11146.40039,11146.40039,1987080000
12/28/2016,11148.32031,11149.79004,11057.15039,11058.87988,11058.87988,2392360000
12/29/2016,11071.11035,11092.48047,11057.66992,11074.33008,11074.33008,2336370000
12/30/2016,11094.80957,11104.08984,11034.04981,11056.90039,11056.90039,2670900000
1/3/2017,11138.84961,11176.91016,11094.29004,11154.34961,11154.34961,3770530000
1/4/2017,11186.78027,11252.62988,11186.78027,11246.54004,11246.54004,3764890000
1/5/2017,11243.12012,11264.16992,11209.62988,11247.69043,11247.69043,3761820000
1/6/2017,11235.44043,11260.83984,11205.29981,11237.62012,11237.62012,3339890000
1/9/2017,11209.70996,11209.70996,11169.75977,11169.79004,11169.79004,3217610000
1/10/2017,11181.74023,11229.50977,11171.58008,11183.33008,11183.33008,3638790000
1/11/2017,11181.92969,11226.79981,11154.00977,11226.78027,11226.78027,3620410000
1/12/2017,11213.90039,11214.58008,11136.19043,11204.15039,11204.15039,3462130000
1/13/2017,11218.04981,11244.32031,11212.08008,11227.16992,11227.16992,3081270000
1/17/2017,11209.71973,11221.90039,11176.5,11196.29981,11196.29981,3584990000
1/18/2017,11187.33008,11203.42969,11166.79004,11196.09961,11196.09961,3315250000
1/19/2017,11195.83008,11203.37012,11118.46973,11148.84961,11148.84961,3165970000
1/20/2017,11175.51953,11208.20996,11160.58984,11192.79004,11192.79004,3524970000
1/23/2017,11178.42969,11188.58008,11130.04981,11170.62012,11170.62012,3152710000
1/24/2017,11183.55957,11269.63965,11180.78027,11249.28027,11249.28027,3810960000
1/25/2017,11297.42969,11343.78027,11294.75977,11339.04981,11339.04981,3846020000
1/26/2017,11335.71973,11344.74023,11303.05957,11313.12012,11313.12012,3610360000
1/27/2017,11311.33008,11314.32031,11270.63965,11283.19043,11283.19043,3135890000
1/30/2017,11228.36035,11229.25977,11147.11035,11205.24023,11205.24023,3591270000
1/31/2017,11195.51953,11225.94043,11166.20996,11222.95996,11222.95996,4087450000
2/1/2017,11244.82031,11259.88965,11171.57031,11207.24023,11207.24023,3916610000
2/2/2017,11196.12988,11225.45996,11181.42969,11215.38965,11215.38965,3807710000
2/3/2017,11268.01953,11316.73047,11257.16992,11310.74023,11310.74023,3597970000
2/6/2017,11278.41016,11289.48047,11245.45996,11264.11035,11264.11035,3109050000
2/7/2017,11271.75,11285.17969,11229.2002,11243.37988,11243.37988,3448690000
2/8/2017,11222.08008,11254.79004,11196.92969,11251.79981,11251.79981,3609740000
2/9/2017,11274.37988,11339.75977,11274.37988,11327.67969,11327.67969,3677940000
2/10/2017,11347.92969,11390.88965,11345.78027,11377.71973,11377.71973,3475020000
2/13/2017,11378.11035,11450.63965,11378.11035,11433.92969,11433.92969,3349730000
2/14/2017,11419.11035,11468.87988,11396.50977,11468.87988,11468.87988,3520910000
2/15/2017,11469.09961,11523.92969,11445.41992,11514.40039,11514.40039,3775590000
2/16/2017,11519.32031,11525.20996,11467.37012,11504.19043,11504.19043,3672370000
2/17/2017,11468.00977,11510.91992,11455.66016,11510.91016,11510.91016,3513060000
2/21/2017,11517.94043,11582.63965,11517.94043,11578.25,11578.25,3579780000
2/22/2017,11544.16992,11567.9502,11530.84961,11550.17969,11550.17969,3468670000
2/23/2017,11586.95996,11590.34961,11525.41016,11556.15039,11556.15039,4015260000
2/24/2017,11556.15039,11556.15039,11486.16992,11541.29004,11541.29004,3831570000
2/27/2017,11531.38965,11564.63965,11517.33984,11558.34961,11558.34961,3582610000
2/28/2017,11528.91016,11542,11498.91016,11512.38965,11512.38965,4210140000
3/1/2017,11593.20996,11687.07031,11593.20996,11661.21973,11661.21973,4345180000
3/2/2017,11633.63965,11633.63965,11569.65039,11575.91016,11575.91016,3821320000
3/3/2017,11575.91992,11604.51953,11558.82031,11598.37012,11598.37012,3555260000
3/6/2017,11556.62988,11562.58984,11517.59961,11547.79004,11547.79004,3232700000
3/7/2017,11547.79004,11547.79004,11498.92969,11506.32031,11506.32031,3518390000
3/8/2017,11511.83984,11521.23047,11443.03027,11448.20996,11448.20996,3812100000
3/9/2017,11454.58984,11484.01953,11411.83984,11457.63965,11457.63965,3716340000
3/10/2017,11510.94043,11520.66992,11454.08008,11500.75977,11500.75977,3432950000
3/13/2017,11507.19043,11522.44043,11498.09961,11519.44043,11519.44043,3133900000
3/14/2017,11479.03027,11479.03027,11428.73047,11459.29004,11459.29004,3172630000
3/15/2017,11490.32031,11609.86035,11490.32031,11590.30957,11590.30957,3906840000
3/16/2017,11619.05957,11630.92969,11583.42969,11600.24023,11600.24023,3365660000
3/17/2017,11614.90039,11621.57031,11582.46973,11589.00977,11589.00977,5178040000
3/20/2017,11582.71973,11591.33008,11540.4502,11556.92969,11556.92969,3054930000
3/21/2017,11598.55957,11607.23047,11412.87988,11420.42969,11420.42969,4265590000
3/22/2017,11406.59961,11440.87988,11372.29981,11426.69043,11426.69043,3572730000
3/23/2017,11410.46973,11494.04004,11404.16016,11430.88965,11430.88965,3260600000
3/24/2017,11440.91016,11468.91992,11381.95996,11418.88965,11418.88965,2975130000
3/27/2017,11341.32031,11427.84961,11324.5,11414.33008,11414.33008,3240230000
3/28/2017,11403.70996,11511.87988,11402.74023,11493.83984,11493.83984,3367780000
3/29/2017,11463.73047,11507.51953,11445.71973,11496.66992,11496.66992,3106940000
3/30/2017,11494.86035,11537.7002,11488.58008,11519.83984,11519.83984,3158420000
3/31/2017,11497.80957,11528.29004,11489.87988,11492.84961,11492.84961,3354110000
4/3/2017,11495.33008,11502.25,11394.33984,11463.91016,11463.91016,3416400000
4/4/2017,11463.78027,11472.04004,11424.16992,11470.54004,11470.54004,3206240000
4/5/2017,11501.62012,11560.82031,11418.86035,11423.36035,11423.36035,3770520000
4/6/2017,11426.58008,11485.37988,11410.4502,11457.29004,11457.29004,3201920000
4/7/2017,11444.29981,11483.71973,11428.36035,11445.58008,11445.58008,3053150000
4/10/2017,11454.11035,11496.73047,11435.70996,11464.33984,11464.33984,2785410000
4/11/2017,11456.20996,11474.66992,11393.37988,11473.62012,11473.62012,3117420000
4/12/2017,11460.21973,11462.50977,11405.54981,11423.16992,11423.16992,3196950000
4/13/2017,11390.75,11420.38965,11324.53027,11324.53027,11324.53027,3143890000
4/17/2017,11351.66992,11427.24023,11343.25977,11427.08008,11427.08008,2824710000
4/18/2017,11426.83008,11426.83008,11333.74023,11378.58008,11378.58008,3269840000
4/19/2017,11401.99023,11416.90039,11327.21973,11342.41992,11342.41992,3519900000
4/20/2017,11375.66016,11449.15039,11366.95996,11426.91016,11426.91016,3647420000
4/21/2017,11419.49023,11427.63965,11372.41016,11389.12988,11389.12988,3503360000
4/24/2017,11515.00977,11546.08984,11512.13965,11531.79004,11531.79004,3690650000
4/25/2017,11573.66992,11619.04004,11571.09961,11603.28027,11603.28027,3995240000
4/26/2017,11594.66992,11653.16992,11590.32031,11592.91016,11592.91016,4105920000
4/27/2017,11601.33008,11601.33008,11545.84961,11578.51953,11578.51953,4098460000
4/28/2017,11579.30957,11579.30957,11531.88965,11536.07031,11536.07031,3718270000
5/1/2017,11550.41016,11569.4502,11525.16016,11536.49023,11536.49023,0
5/2/2017,11554.09961,11562.63965,11529.87012,11551.29981,11551.29981,3813680000
5/3/2017,11527.88965,11537.05957,11493.32031,11529.66016,11529.66016,3893990000
5/4/2017,11544.13965,11546.21973,11490.41992,11534.70996,11534.70996,4362540000
5/5/2017,11554.08008,11615.61035,11552.36035,11615.61035,11615.61035,3540140000
5/8/2017,11607.28027,11612.17969,11571.45996,11595.25977,11595.25977,3429440000
5/9/2017,11602.41992,11604.71973,11547.08008,11567.51953,11567.51953,3653590000
5/10/2017,11571.71973,11599.5,11561.26953,11598.99023,11598.99023,3643530000
5/11/2017,11572,11574.4502,11508.16992,11563.59961,11563.59961,3727420000
5/12/2017,11551.36035,11557.82031,11531.12012,11547.04981,11547.04981,3305630000
5/15/2017,11547.44043,11628.24023,11547.44043,11614.23047,11614.23047,3473600000
5/16/2017,11635,11642.84961,11594.82031,11606.49023,11606.49023,3420790000
5/17/2017,11522.96973,11530.51953,11422.58008,11423.53027,11423.53027,0
5/18/2017,11392.90039,11479,11374.63965,11434.05957,11434.05957,4319420000
5/19/2017,11475.00977,11573.20996,11474.51953,11542.69043,11542.69043,3825160000
5/22/2017,11574.83008,11592.51953,11560.37988,11585.20996,11585.20996,3172830000
5/23/2017,11602.37988,11620.26953,11587.82031,11604.62012,11604.62012,3213570000
5/24/2017,11605.29004,11626.13965,11593.42969,11621.23047,11621.23047,3389900000
5/25/2017,11641.36035,11666.90039,11623.19043,11639.29981,11639.29981,3535390000
5/26/2017,11625.32031,11635.45996,11617.16992,11631.87012,11631.87012,2805040000
5/30/2017,11607,11616.45996,11588.26953,11601.30957,11601.30957,3203160000
5/31/2017,11610.88965,11613.11035,11554.86035,11598.03027,11598.03027,4516110000
6/1/2017,11616.20996,11699.83008,11603.41016,11699.79004,11699.79004,0
6/2/2017,11702.12988,11728.79981,11684.95996,11718.7002,11718.7002,3461680000
6/5/2017,11700.45996,11711.58008,11683.13965,11693.67969,11693.67969,2912600000
6/6/2017,11661.94043,11693.09961,11644.13965,11671.45996,11671.45996,3357840000
6/7/2017,11677.82031,11698.15039,11635.57031,11667.73047,11667.73047,3572300000
6/8/2017,11664.51953,11702.63965,11655.12988,11678.91992,11678.91992,3728860000
6/9/2017,11678.86035,11754.75,11678.86035,11744.73047,11744.73047,4027340000
6/12/2017,11749.34961,11774.17969,11715.08984,11746.45996,11746.45996,4027750000
6/13/2017,11770.08984,11799.19043,11757.75,11796.79004,11796.79004,3275500000
6/14/2017,11810.87012,11811.5,11750.75,11779.80957,11779.80957,3555590000
6/15/2017,11703.25,11744.62012,11693.90039,11740.51953,11740.51953,3353050000
6/16/2017,11745.29981,11772.03027,11716.69043,11772.01953,11772.01953,5284720000
6/19/2017,11801.83008,11836.95996,11800.41992,11833.33984,11833.33984,3264700000
6/20/2017,11801.2002,11801.2002,11736.87012,11738.9502,11738.9502,3416510000
6/21/2017,11742.48047,11753.30957,11678.90039,11696.28027,11696.28027,3594820000
6/22/2017,11704.12012,11741.87988,11697.92969,11712.51953,11712.51953,3468210000
6/23/2017,11716.58008,11750.33008,11702.09961,11733.2002,11733.2002,5278330000
6/26/2017,11761.4502,11793.54004,11741.79004,11758.86035,11758.86035,3238970000
6/27/2017,11765.79981,11787.59961,11716.91992,11716.91992,11716.91992,3563910000
6/28/2017,11771.13965,11827.5,11771.13965,11812.79981,11812.79981,3500800000
6/29/2017,11835.5,11837.59961,11683.30957,11739.98047,11739.98047,3900280000
6/30/2017,11777.62988,11799.45996,11738.16016,11761.7002,11761.7002,3361590000
7/3/2017,11801.44043,11869.82031,11801.44043,11835.71973,11835.71973,1962290000
7/5/2017,11826.25,11829.91992,11772.91992,11809.49023,11809.49023,3367220000
7/6/2017,11766.12988,11771.17969,11694.08008,11702.42969,11702.42969,3364520000
7/7/2017,11713.66016,11757.55957,11698.07031,11752.98047,11752.98047,2901330000
7/10/2017,11744.24023,11776.90039,11733.74023,11751.79004,11751.79004,2999130000
7/11/2017,11748.23047,11759.16992,11684.75,11744.76953,11744.76953,3106750000
7/12/2017,11794.42969,11846,11794.42969,11825.90039,11825.90039,3171620000
7/13/2017,11832.78027,11849.38965,11810.04981,11844.62012,11844.62012,3067670000
7/14/2017,11844.03027,11918.16992,11838.54981,11897.30957,11897.30957,2736640000
7/17/2017,11894.69043,11910.84961,11882.36035,11890.50977,11890.50977,2793170000
7/18/2017,11878.76953,11879.96973,11843.82031,11877.41992,11877.41992,2962130000
7/19/2017,11894.33984,11941.37988,11893.41992,11941.33984,11941.33984,3059760000
7/20/2017,11956.26953,11963.54981,11928.66992,11944.49023,11944.49023,3182780000
7/21/2017,11944.5,11944.5,11890.58984,11924.59961,11924.59961,3059570000
7/24/2017,11918.53027,11919.61035,11891.66016,11904.70996,11904.70996,3010240000
7/25/2017,11973.05957,11985.79981,11952.21973,11965.71973,11965.71973,4108060000
7/26/2017,11983.75,11985.19043,11956.41016,11964.91016,11964.91016,3557020000
7/27/2017,11977.88965,11977.88965,11911.79004,11963.23047,11963.23047,3995520000
7/28/2017,11950.59961,11959.86035,11923.16016,11954.69043,11954.69043,3294770000
7/31/2017,11976.20996,11989.53027,11950.58008,11967.66992,11967.66992,3469210000
8/1/2017,12006.74023,12012.65039,11978.9502,12000.01953,12000.01953,3460860000
8/2/2017,11979.09961,11981.41016,11938.90039,11979.37012,11979.37012,3478580000
8/3/2017,11968.48047,11975.41992,11944.19043,11956.51953,11956.51953,3645020000
8/4/2017,11982.03027,11994.9502,11959.99023,11984.88965,11984.88965,3235140000
8/7/2017,11983.71973,11987.79004,11969.94043,11987.76953,11987.76953,2931780000
8/8/2017,11987.76953,12019.84961,11931.70996,11949.96973,11949.96973,3344640000
8/9/2017,11906.62988,11930.12988,11896.36035,11929.45996,11929.45996,3308060000
8/10/2017,11889.28027,11889.28027,11770.48047,11771.59961,11771.59961,3621070000
8/11/2017,11754.40039,11791.37988,11753.29981,11763.21973,11763.21973,3159930000
8/14/2017,11820.17969,11879.03027,11820.17969,11856.05957,11856.05957,2822550000
8/15/2017,11861.17969,11862.48047,11829.9502,11843.48047,11843.48047,2913100000
8/16/2017,11868.17969,11891.04004,11857.46973,11868.86035,11868.86035,2953650000
8/17/2017,11839.91016,11856.49023,11712.59961,11712.71973,11712.71973,3142620000
8/18/2017,11702.00977,11753.83008,11670.87988,11699.83008,11699.83008,3415680000
8/21/2017,11700.11035,11726.90039,11678.20996,11719.26953,11719.26953,2788150000
8/22/2017,11743.41016,11813.91016,11743.41016,11805.29004,11805.29004,2777490000
8/23/2017,11770.65039,11805.49023,11758.99023,11785.91992,11785.91992,2785290000
8/24/2017,11806.88965,11816.59961,11769.99023,11773.79981,11773.79981,2846590000
8/25/2017,11804.87988,11845.5,11804.87988,11812.03027,11812.03027,2588780000
8/28/2017,11831.01953,11836.45996,11776.4502,11800.21973,11800.21973,2677700000
8/29/2017,11733.79981,11801.41016,11728.98047,11791.87988,11791.87988,2737580000
8/30/2017,11783.37988,11818.67969,11770.05957,11805.07031,11805.07031,2633660000
8/31/2017,11833.87988,11890.30957,11833.87988,11875.69043,11875.69043,3348110000
9/1/2017,11897.96973,11934.96973,11897.96973,11918.08008,11918.08008,2710730000
9/5/2017,11894.92969,11898.12012,11783.87012,11827.15039,11827.15039,3490260000
9/6/2017,11859.32031,11889.26953,11855.15039,11872.91992,11872.91992,3374410000
9/7/2017,11896.79981,11899.61035,11858.74023,11879.61035,11879.61035,3353930000
9/8/2017,11873.99023,11902.44043,11861.74023,11887.98047,11887.98047,3302490000
9/11/2017,11943.46973,12015.79004,11943.46973,12010.37012,12010.37012,3291760000
9/12/2017,12029.79004,12061.04981,12028.70996,12057.12012,12057.12012,3230920000
9/13/2017,12049.71973,12063.25,12044.66016,12055.17969,12055.17969,3368050000
9/14/2017,12042.54004,12065.79981,12033.63965,12062.62012,12062.62012,3414460000
9/15/2017,12065.33008,12080.67969,12050.51953,12080.13965,12080.13965,4853170000
9/18/2017,12094.83008,12123.74023,12091.73047,12111.4502,12111.4502,3194300000
9/19/2017,12126.23047,12137.59961,12116.62988,12131.73047,12131.73047,3249100000
9/20/2017,12137.49023,12158.98047,12103.12988,12147.5,12147.5,3530010000
9/21/2017,12140.20996,12152.76953,12120.87988,12133.62988,12133.62988,2930860000
9/22/2017,12134.4502,12156.09961,12133.69043,12151.79981,12151.79981,2865960000
9/25/2017,12144.07031,12165.24023,12108.00977,12141.55957,12141.55957,3297890000
9/26/2017,12142.05957,12156.5,12125.75,12127.91992,12127.91992,3043110000
9/27/2017,12154.54981,12173.33984,12112.12012,12157.65039,12157.65039,3456030000
9/28/2017,12147.61035,12183.66992,12142.98047,12179.30957,12179.30957,3168620000
9/29/2017,12179.30957,12209.4502,12172.12012,12209.16016,12209.16016,3211920000
10/2/2017,12209.16016,12265.38965,12200.12988,12264.66016,12264.66016,3199730000
10/3/2017,12274.73047,12303.71973,12266.51953,12302.87988,12302.87988,3068850000
10/4/2017,12298.11035,12320.03027,12289.16992,12304.66992,12304.66992,3017120000
10/5/2017,12307.71973,12351.13965,12303.04981,12338.92969,12338.92969,3045120000
10/6/2017,12314.61035,12317.98047,12291.87012,12317.69043,12317.69043,2884570000
10/9/2017,12328.19043,12334.30957,12281.16992,12293.9502,12293.9502,2483970000
10/10/2017,12329.65039,12356,12321.61035,12346.58984,12346.58984,2960500000
10/11/2017,12347.20996,12362.19043,12338.17969,12362.05957,12362.05957,2976090000
10/12/2017,12342.15039,12353.13965,12325.03027,12338.74023,12338.74023,3151510000
10/13/2017,12360.87012,12377.88965,12350.03027,12352,12352,3149440000
10/16/2017,12365.99023,12377.25,12343.17969,12359.51953,12359.51953,2916020000
10/17/2017,12355.21973,12357.63965,12332.25,12349.96973,12349.96973,2889390000
10/18/2017,12371.29981,12382.58984,12358.09961,12371.01953,12371.01953,2998090000
10/19/2017,12336.15039,12381.51953,12322.12988,12380.32031,12380.32031,2990710000
10/20/2017,12407.98047,12430.65039,12401.63965,12430.51953,12430.51953,3384650000
10/23/2017,12436.75977,12443.79981,12383.36035,12384.41992,12384.41992,3211710000
10/24/2017,12405.96973,12419.50977,12397.25977,12404.99023,12404.99023,3427330000
10/25/2017,12406.2002,12406.2002,12280.30957,12336.58008,12336.58008,3874510000
10/26/2017,12362.83984,12380.28027,12350.5,12352.42969,12352.42969,3869050000
10/27/2017,12339.65039,12366.7002,12308.36035,12366.42969,12366.42969,3887110000
10/30/2017,12349.36035,12354.55957,12308.83984,12319.46973,12319.46973,3658870000
10/31/2017,12333.82031,12358.75977,12322.4502,12341.00977,12341.00977,3827230000
11/1/2017,12383.87012,12414.59961,12352.09961,12362.87988,12362.87988,3813180000
11/2/2017,12359.29004,12377.08984,12316.76953,12372.95996,12372.95996,4048270000
11/3/2017,12361.01953,12376.23047,12340.88965,12373.05957,12373.05957,3567710000
11/6/2017,12373.07031,12410.66016,12365.50977,12400.92969,12400.92969,3539080000
11/7/2017,12398.79004,12415.95996,12344.63965,12371.25,12371.25,3809650000
11/8/2017,12361.23047,12390.53027,12344.15039,12384.71973,12384.71973,3899360000
11/9/2017,12326.32031,12350.7002,12268.07031,12339.66016,12339.66016,3831610000
11/10/2017,12324.37988,12332.24023,12303.86035,12322.59961,12322.59961,3486910000
11/13/2017,12281.19043,12328.16016,12272.20996,12316.82031,12316.82031,3402930000
11/14/2017,12316.83008,12316.83008,12238.08008,12280.11035,12280.11035,3641760000
11/15/2017,12222.08984,12250.91992,12178.88965,12220.33984,12220.33984,3558890000
11/16/2017,12258.78027,12321.90039,12258.78027,12303.28027,12303.28027,3312710000
11/17/2017,12281.28027,12314.69043,12277.30957,12302.88965,12302.88965,3300160000
11/20/2017,12306.66016,12331.08984,12294.95996,12320.76953,12320.76953,3003540000
11/21/2017,12352.57031,12397.32031,12352.57031,12385.88965,12385.88965,3332720000
11/22/2017,12406.13965,12416.75,12380.29004,12390.82031,12390.82031,2762950000
11/24/2017,12423.7002,12431.69043,12419.40039,12421.92969,12421.92969,1349780000
11/27/2017,12421.30957,12427.30957,12390.29981,12390.78027,12390.78027,3006860000
11/28/2017,12412.15039,12523.63965,12409.62012,12520.23047,12520.23047,3488420000
11/29/2017,12529.54981,12579.79981,12529.54981,12561.32031,12561.32031,4078280000
11/30/2017,12596.34961,12673.7002,12584.94043,12627.79981,12627.79981,4938490000
12/1/2017,12636.73047,12649.28027,12463.83008,12614.55957,12614.55957,3942320000
12/4/2017,12685.78027,12724.5,12632.87988,12634.88965,12634.88965,4023150000
12/5/2017,12635.71973,12640.37988,12559.49023,12567.16016,12567.16016,3539040000
12/6/2017,12550.16992,12565.59961,12524.42969,12532.42969,12532.42969,3229000000
12/7/2017,12517.66992,12581.42969,12512.03027,12568.98047,12568.98047,3292400000
12/8/2017,12605,12643.12012,12587.61035,12643.05957,12643.05957,3106150000
12/11/2017,12653.09961,12669.29004,12651.15039,12668.21973,12668.21973,3091950000
12/12/2017,12680.7002,12717.08008,12674.88965,12697.78027,12697.78027,3555680000
12/13/2017,12709.05957,12739.79981,12699.48047,12699.48047,12699.48047,3542370000
12/14/2017,12706.78027,12713.82031,12629.07031,12629.07031,12629.07031,3430030000
12/15/2017,12650.08008,12723.58984,12650.08008,12699.67969,12699.67969,5723920000
12/18/2017,12760.53027,12812.11035,12760.53027,12785.82031,12785.82031,3724660000
12/19/2017,12803.17969,12807.12988,12747.25977,12747.54004,12747.54004,3368590000
12/20/2017,12782.55957,12791.66016,12741.87012,12747.54981,12747.54981,3241030000
12/21/2017,12771.20996,12826.03027,12770.86035,12800.20996,12800.20996,3273390000
12/22/2017,12803.98047,12807.5,12773.82031,12797.44043,12797.44043,2399830000
12/26/2017,12794.12988,12819.57031,12794.12988,12808.90039,12808.90039,1968780000
12/27/2017,12808.90039,12834.54981,12808.36035,12821.99023,12821.99023,2202080000
12/28/2017,12839.54004,12853.91992,12823.55957,12853.08984,12853.08984,2153330000
12/29/2017,12878.34961,12886.11035,12808.82031,12808.83984,12808.83984,2443490000
